cdr3aa	S22	S23	S24	S25	S26	S27	S28	S29	S22	S23	S24	S25	S26	S27	S28	S29	v	d	j
CAGLTQSSHNDPNT	428	201	5626	3690	0	3	0	0	0.005687	0.001013	0.038659	0.028373	0.000000	0.000024	0.000000	0.000000	IGHV4-55: 247 in S22, 3199 in S25; IGHV4-59: 102 in S22; IGHV4-28: 79 in S22, 201 in S23, 5626 in S24, 491 in S25, 3 in S27	IGHD3-16: 349 in S22, 4929 in S24, 3199 in S25, 3 in S27; IGHD4-17: 79 in S22, 201 in S23, 697 in S24, 491 in S25	IGHJ4: 428 in S22, 201 in S23, 5626 in S24, 3690 in S25, 3 in S27
CAGSRMPPRGLDPW	74	2956	0	0	0	0	0	0	0.000983	0.014891	0.000000	0.000000	0.000000	0.000000	0.000000	0.000000	IGHV3-74: 74 in S22, 2956 in S23	IGHD2-15: 74 in S22, 2956 in S23	IGHJ5: 74 in S22, 2956 in S23
CARRYSLNCGGDCPHRAFDIW	0	4152	0	0	0	0	0	0	0.000000	0.020916	0.000000	0.000000	0.000000	0.000000	0.000000	0.000000	IGHV3-20: 4152 in S23	IGHD2-21: 4152 in S23	IGHJ3: 4152 in S23
CAKSRLVPMGAAFDLW	0	3072	0	0	0	0	0	0	0.000000	0.015476	0.000000	0.000000	0.000000	0.000000	0.000000	0.000000	IGHV3-23: 3072 in S23	IGHD6-19: 3072 in S23	IGHJ3: 3072 in S23
CAMTPRSITVTGPVAW	0	2068	0	0	0	0	0	0	0.000000	0.010418	0.000000	0.000000	0.000000	0.000000	0.000000	0.000000	IGHV3-74: 2068 in S23	IGHD6-19: 2068 in S23	IGHJ5: 2068 in S23
CAKGRTAIQFYFDYW	0	2050	0	0	0	0	0	0	0.000000	0.010327	0.000000	0.000000	0.000000	0.000000	0.000000	0.000000	IGHV3-23: 2050 in S23	IGHD3-10: 2050 in S23	IGHJ4: 2050 in S23
CASTVRQRRPRVVVTTLDSW	0	1937	0	0	0	0	0	0	0.000000	0.009758	0.000000	0.000000	0.000000	0.000000	0.000000	0.000000	IGHV3-23: 1937 in S23	IGHD2-21: 1937 in S23	IGHJ4: 1937 in S23
CARAAKAYYEIDHAAGDDYW	0	1685	0	0	0	0	0	0	0.000000	0.008488	0.000000	0.000000	0.000000	0.000000	0.000000	0.000000	IGHV3-7: 1685 in S23	IGHD3-22: 1685 in S23	IGHJ4: 1685 in S23
CARAGSSYFYEYW	0	1652	0	0	0	0	0	0	0.000000	0.008322	0.000000	0.000000	0.000000	0.000000	0.000000	0.000000	IGHV1-46: 1652 in S23	IGHD6-6: 1652 in S23	IGHJ4: 1652 in S23
CARKGRFYYFGMDVW	0	1633	0	0	0	0	0	0	0.000000	0.008226	0.000000	0.000000	0.000000	0.000000	0.000000	0.000000	IGHV4-59: 1633 in S23	IGHD2-2: 1633 in S23	IGHJ6: 1633 in S23
CARWGIMVRGPSYYGVDVW	0	1552	0	0	0	0	0	0	0.000000	0.007818	0.000000	0.000000	0.000000	0.000000	0.000000	0.000000	IGHV4-31: 1552 in S23	IGHD3-10: 1552 in S23	IGHJ6: 1552 in S23
CARAPRIIAAGIRRYFDYW	0	1474	0	0	0	0	0	0	0.000000	0.007425	0.000000	0.000000	0.000000	0.000000	0.000000	0.000000	IGHV4-31: 1474 in S23	IGHD2-2: 1474 in S23	IGHJ4: 1474 in S23
CAKSRLVPLGSAFDTW	0	1227	0	0	0	0	0	0	0.000000	0.006181	0.000000	0.000000	0.000000	0.000000	0.000000	0.000000	IGHV3-23: 1227 in S23	IGHD6-19: 1227 in S23	IGHJ3: 1227 in S23
CAKGLTPATIGVISVYFDYW	0	1075	0	0	0	0	0	0	0.000000	0.005415	0.000000	0.000000	0.000000	0.000000	0.000000	0.000000	IGHV3-23: 1075 in S23	IGHD2-15: 1075 in S23	IGHJ4: 1075 in S23
CARVETCSSTSCYSVFDSW	0	1036	0	0	0	0	0	0	0.000000	0.005219	0.000000	0.000000	0.000000	0.000000	0.000000	0.000000	IGHV3-74: 1036 in S23	IGHD2-2: 1036 in S23	IGHJ4: 1036 in S23
CANKGYSYFAAW	0	973	0	0	0	0	0	0	0.000000	0.004902	0.000000	0.000000	0.000000	0.000000	0.000000	0.000000	IGHV3-7: 973 in S23	IGHD4-11: 973 in S23	IGHJ4: 973 in S23
CAKGKTLIQYFFDYW	0	867	0	0	0	0	0	0	0.000000	0.004368	0.000000	0.000000	0.000000	0.000000	0.000000	0.000000	IGHV3-23: 867 in S23	IGHD2-2: 867 in S23	IGHJ4: 867 in S23
CARDRVYSSGWHLRYYYYGMDVW	0	724	0	0	0	0	0	0	0.000000	0.003647	0.000000	0.000000	0.000000	0.000000	0.000000	0.000000	IGHV1-2: 724 in S23	IGHD6-19: 724 in S23	IGHJ6: 724 in S23
CARALYSSGWYGRIYYYYGMDVW	0	659	0	0	0	0	0	0	0.000000	0.003320	0.000000	0.000000	0.000000	0.000000	0.000000	0.000000	IGHV1-2: 659 in S23	IGHD6-19: 659 in S23	IGHJ6: 659 in S23
CARDWSSTHYQLLDYW	0	654	0	0	0	0	0	0	0.000000	0.003295	0.000000	0.000000	0.000000	0.000000	0.000000	0.000000	IGHV3-33: 654 in S23	IGHD2-2: 654 in S23	IGHJ4: 654 in S23
CARDGKYSSSWYTIRYYYYGMDVW, CARDGKYSSSWYSIRYYYYGLDVW, CARDGKYSSSWYSIRYYYYGMDVW	0	695	0	0	0	0	0	0	0.000000	0.003501	0.000000	0.000000	0.000000	0.000000	0.000000	0.000000	IGHV1-2: 695 in S23	IGHD6-13: 695 in S23	IGHJ6: 695 in S23
CATDLEGPRGVTIYYYYGMDVW	0	617	0	0	0	0	0	0	0.000000	0.003108	0.000000	0.000000	0.000000	0.000000	0.000000	0.000000	IGHV1-24: 617 in S23	IGHD6-13: 617 in S23	IGHJ6: 617 in S23
CARDGYSYGYGNYYYYGMDVW	0	604	0	0	0	0	0	0	0.000000	0.003043	0.000000	0.000000	0.000000	0.000000	0.000000	0.000000	IGHV3-66: 604 in S23	IGHD5-18: 604 in S23	IGHJ6: 604 in S23
CARELGLARGMDVW	0	584	0	0	0	0	0	0	0.000000	0.002942	0.000000	0.000000	0.000000	0.000000	0.000000	0.000000	IGHV4-4: 584 in S23	IGHD2-2: 584 in S23	IGHJ6: 584 in S23
CARDLLRSSGWYPPLKYYYYGMDVW	0	569	0	0	0	0	0	0	0.000000	0.002866	0.000000	0.000000	0.000000	0.000000	0.000000	0.000000	IGHV1-2: 569 in S23	IGHD6-19: 569 in S23	IGHJ6: 569 in S23
CAKDQGTAMVTGYYYYGMDVW	0	563	0	0	0	0	0	0	0.000000	0.002836	0.000000	0.000000	0.000000	0.000000	0.000000	0.000000	IGHV3-33: 563 in S23	IGHD5-18: 563 in S23	IGHJ6: 563 in S23
CATFESW	0	563	0	0	0	0	0	0	0.000000	0.002836	0.000000	0.000000	0.000000	0.000000	0.000000	0.000000	IGHV3-30: 563 in S23	.: 563 in S23	IGHJ4: 563 in S23
CARGLAARRLGINYYYGMDVW, CARGLAAQRLGINYYYGMDVW	0	601	0	0	0	0	0	0	0.000000	0.003028	0.000000	0.000000	0.000000	0.000000	0.000000	0.000000	IGHV1-69: 601 in S23	IGHD6-6: 601 in S23	IGHJ6: 601 in S23
CAREGDSSWYHLYYYYGMDVW	0	541	0	0	0	0	0	0	0.000000	0.002725	0.000000	0.000000	0.000000	0.000000	0.000000	0.000000	IGHV3-30: 541 in S23	IGHD6-13: 541 in S23	IGHJ6: 541 in S23
CASSVRQRRPRVLVTTLDYW	0	508	0	0	0	0	0	0	0.000000	0.002559	0.000000	0.000000	0.000000	0.000000	0.000000	0.000000	IGHV3-23: 508 in S23	IGHD2-21: 508 in S23	IGHJ4: 508 in S23
CARAGTGRWGDYW	0	507	0	0	1	0	0	0	0.000000	0.002554	0.000000	0.000000	0.000012	0.000000	0.000000	0.000000	IGHV3-74: 507 in S23, 1 in S26	IGHD3-10: 507 in S23, 1 in S26	IGHJ4: 507 in S23, 1 in S26
CARAPIRQYYDILTGYSPHYFDYW, CARGPIRQYYDILTGYSPHYFDYW	0	518	0	0	0	0	0	0	0.000000	0.002609	0.000000	0.000000	0.000000	0.000000	0.000000	0.000000	IGHV1-2: 518 in S23	IGHD3-9: 518 in S23	IGHJ4: 518 in S23
CARGPGRRRYYDILTGTPHQYFDLW, CARGPGRKRYYDILTGTSHQYFDLW, CARGPGRRGYYDILTGTSLQYFDLW, CARGPGRRGYYDILTGTSHQYFDLW, CARGPGRRRYYDILTGTSHQYFDLW, CARGPGRRRYYDILTGTSHQYFALW, CARGPGRRGYYDILTGTSHQYLDLW	0	656	0	0	0	0	0	0	0.000000	0.003305	0.000000	0.000000	0.000000	0.000000	0.000000	0.000000	IGHV1-2: 656 in S23	IGHD3-9: 656 in S23	IGHJ2: 656 in S23
CARVKVITTWGFRDYYYYGMDVW, CARVKVATTWGFRDYYYYGMDVW, CARVKVITTWGFRDYYYYGMDV*, CARVKVATTWG_RDYYYYGMDVW	0	702	0	0	0	0	0	0	0.000000	0.003536	0.000000	0.000000	0.000000	0.000000	0.000000	0.000000	IGHV1-2: 702 in S23	IGHD5-12: 274 in S23; IGHD3-16: 428 in S23	IGHJ6: 702 in S23
CGGLTQSSHNLGTM	0	164	4842	1080	0	0	83	0	0.000000	0.000826	0.033272	0.008304	0.000000	0.000000	0.000688	0.000000	IGHV4-28: 164 in S23, 4842 in S24, 1080 in S25, 83 in S28	IGHD4-17: 163 in S23, 4842 in S24, 1080 in S25, 83 in S28; IGHD5-12: 1 in S23	IGHJ4: 163 in S23, 4842 in S24, 1080 in S25, 83 in S28; IGHJ2: 1 in S23
CVRARWGLWPGDYW	0	0	4908	0	0	0	0	0	0.000000	0.000000	0.033726	0.000000	0.000000	0.000000	0.000000	0.000000	IGHV1-8: 4908 in S24	IGHD2-2: 4908 in S24	IGHJ4: 4908 in S24
CASPSRYCTGGNCYTIDGFEIW, CASPSRYCTGGNCYTIDGFAIW	0	0	3942	0	0	0	0	0	0.000000	0.000000	0.027088	0.000000	0.000000	0.000000	0.000000	0.000000	IGHV1-2: 3942 in S24	IGHD2-15: 3942 in S24	IGHJ3: 3942 in S24
CASLWRYCSGGNCYTIDGFAIW	0	0	3504	0	0	0	0	0	0.000000	0.000000	0.024078	0.000000	0.000000	0.000000	0.000000	0.000000	IGHV1-2: 3504 in S24	IGHD2-15: 3504 in S24	IGHJ3: 3504 in S24
CAREPRSGYYYFDSW	0	0	2773	0	0	0	0	0	0.000000	0.000000	0.019055	0.000000	0.000000	0.000000	0.000000	0.000000	IGHV1-69: 2773 in S24	IGHD4-23: 2773 in S24	IGHJ4: 2773 in S24
CAKDSSGLSSLDYW	0	0	2720	0	0	0	0	0	0.000000	0.000000	0.018691	0.000000	0.000000	0.000000	0.000000	0.000000	IGHV3-23: 2720 in S24	IGHD6-19: 2720 in S24	IGHJ4: 2720 in S24
CARGTTVVNPGHWYFDLW	0	0	2600	0	0	0	0	0	0.000000	0.000000	0.017866	0.000000	0.000000	0.000000	0.000000	0.000000	IGHV1-69: 2600 in S24	IGHD4-23: 2600 in S24	IGHJ2: 2600 in S24
CARDSSYYYLDYW	0	0	2467	0	0	0	0	0	0.000000	0.000000	0.016952	0.000000	0.000000	0.000000	0.000000	0.000000	IGHV3-21: 2467 in S24	IGHD1-7: 2467 in S24	IGHJ4: 2467 in S24
CARGAGQMGRDWFDPW	0	0	2141	0	0	0	0	0	0.000000	0.000000	0.014712	0.000000	0.000000	0.000000	0.000000	0.000000	IGHV1-8: 2141 in S24	IGHD7-27: 2141 in S24	IGHJ5: 2141 in S24
CAKERTKWEPPSGSLENW	0	0	2076	0	0	0	0	0	0.000000	0.000000	0.014265	0.000000	0.000000	0.000000	0.000000	0.000000	IGHV3-33: 2076 in S24	IGHD1-26: 2076 in S24	IGHJ4: 2076 in S24
CVRHDSANPELPYFAHW	0	0	1784	0	0	0	0	0	0.000000	0.000000	0.012259	0.000000	0.000000	0.000000	0.000000	0.000000	IGHV5-51: 1784 in S24	IGHD3-10: 1784 in S24	IGHJ4: 1784 in S24
CARDYGGYRDYVGWFDPW	0	0	1483	0	0	0	0	0	0.000000	0.000000	0.010191	0.000000	0.000000	0.000000	0.000000	0.000000	IGHV1-2: 1483 in S24	IGHD4-17: 1483 in S24	IGHJ5: 1483 in S24
CAKAISPYYDSNGYYPFDHW, CAKAISPYYDSNGYYPFDSW, CAKAISPYYDSNGYYPFDLW	0	0	1472	0	0	0	0	0	0.000000	0.000000	0.010115	0.000000	0.000000	0.000000	0.000000	0.000000	IGHV3-9: 1472 in S24	IGHD3-22: 1472 in S24	IGHJ4: 1470 in S24; IGHJ2: 1 in S24; IGHJ5: 1 in S24
CASSPGLPLGYW	0	0	1452	0	0	0	0	0	0.000000	0.000000	0.009978	0.000000	0.000000	0.000000	0.000000	0.000000	IGHV1-69: 1452 in S24	IGHD4-23: 1452 in S24	IGHJ4: 1452 in S24
CARLWGSKDPITIFDRYYYYAMDVW, CARLWGSKDPITIFDKYYYYAMDVW, CARLWGSKDPIT_FDRYYYYAMDVW, CARLWGSKDPITIFDRYYYYIMDVW	0	0	2305	0	0	0	0	0	0.000000	0.000000	0.015839	0.000000	0.000000	0.000000	0.000000	0.000000	IGHV3-21: 2305 in S24	IGHD3-3: 2305 in S24	IGHJ6: 2305 in S24
CARWGDSGGTSLLAFDIW	0	0	1415	0	0	0	0	0	0.000000	0.000000	0.009723	0.000000	0.000000	0.000000	0.000000	0.000000	IGHV4-4: 1415 in S24	IGHD4-23: 1415 in S24	IGHJ3: 1415 in S24
CARGDTEVVPMAIRREYFLHW	0	0	1373	0	0	0	0	0	0.000000	0.000000	0.009435	0.000000	0.000000	0.000000	0.000000	0.000000	IGHV3-21: 1373 in S24	IGHD2-2: 1373 in S24	IGHJ1: 1373 in S24
CAKDYYDSSDYFYGYLNMDVW	0	0	1351	0	0	0	0	0	0.000000	0.000000	0.009284	0.000000	0.000000	0.000000	0.000000	0.000000	IGHV1-18: 1351 in S24	IGHD3-22: 1351 in S24	IGHJ6: 1351 in S24
CARGAGKMGRDWFDPW	0	0	1287	0	0	0	0	0	0.000000	0.000000	0.008844	0.000000	0.000000	0.000000	0.000000	0.000000	IGHV1-8: 1287 in S24	IGHD7-27: 1287 in S24	IGHJ5: 1287 in S24
CAKDQAIQAVGDAFDIW	0	0	1220	0	0	0	0	0	0.000000	0.000000	0.008383	0.000000	0.000000	0.000000	0.000000	0.000000	IGHV3-23: 1220 in S24	IGHD2-2: 1220 in S24	IGHJ3: 1220 in S24
CAKDSTGYYFDYW	0	0	1149	0	0	0	0	0	0.000000	0.000000	0.007895	0.000000	0.000000	0.000000	0.000000	0.000000	IGHV3-48: 1149 in S24	IGHD3-22: 1149 in S24	IGHJ4: 1149 in S24
CAVGRFLEWSEAFDIW	0	0	1136	0	0	0	0	0	0.000000	0.000000	0.007806	0.000000	0.000000	0.000000	0.000000	0.000000	IGHV5-51: 1136 in S24	IGHD3-3: 1136 in S24	IGHJ3: 1136 in S24
CARARRAYCGGDCYRGWFDPW	0	0	1118	0	0	0	0	0	0.000000	0.000000	0.007682	0.000000	0.000000	0.000000	0.000000	0.000000	IGHV1-2: 1118 in S24	IGHD2-21: 1118 in S24	IGHJ5: 1118 in S24
CARDGNILVPHHGMDVW	0	0	1118	0	0	0	0	0	0.000000	0.000000	0.007682	0.000000	0.000000	0.000000	0.000000	0.000000	IGHV3-66: 1118 in S24	IGHD2-15: 1118 in S24	IGHJ6: 1118 in S24
CARARWGLWPGDYW	0	0	1104	0	0	0	0	0	0.000000	0.000000	0.007586	0.000000	0.000000	0.000000	0.000000	0.000000	IGHV1-8: 1104 in S24	IGHD2-2: 1104 in S24	IGHJ4: 1104 in S24
CASIYFFGSGSHPNRDFW	0	0	1099	0	0	0	0	0	0.000000	0.000000	0.007552	0.000000	0.000000	0.000000	0.000000	0.000000	IGHV3-30: 1099 in S24	IGHD3-10: 1099 in S24	IGHJ4: 1099 in S24
CAKDGPRVYYYYGMDVW	0	0	1059	0	0	0	0	0	0.000000	0.000000	0.007277	0.000000	0.000000	0.000000	0.000000	0.000000	IGHV3-33: 1059 in S24	IGHD6-13: 1059 in S24	IGHJ6: 1059 in S24
CGRDQGVGAARPALFYYYYYAVDVW	0	0	1044	0	0	0	0	0	0.000000	0.000000	0.007174	0.000000	0.000000	0.000000	0.000000	0.000000	IGHV3-33: 1044 in S24	IGHD6-6: 1044 in S24	IGHJ6: 1044 in S24
CAKDSSGYFFDYW	0	0	998	0	0	0	0	0	0.000000	0.000000	0.006858	0.000000	0.000000	0.000000	0.000000	0.000000	IGHV3-23: 998 in S24	IGHD3-22: 998 in S24	IGHJ4: 998 in S24
CARDYYDYGGGDPPCDYW	0	0	899	0	0	0	0	0	0.000000	0.000000	0.006178	0.000000	0.000000	0.000000	0.000000	0.000000	IGHV3-21: 899 in S24	IGHD4-23: 899 in S24	IGHJ4: 899 in S24
CAKDRLWQGGRTISRGSQNYLDSW, CAGDRLWQGGRTISRGSQNYLDSW	0	0	877	0	0	0	0	0	0.000000	0.000000	0.006026	0.000000	0.000000	0.000000	0.000000	0.000000	IGHV3-33: 876 in S24; IGHV3-7: 1 in S24	IGHD5-12: 877 in S24	IGHJ4: 877 in S24
CVKGPTITVYGMDVW	0	0	876	0	0	0	0	0	0.000000	0.000000	0.006020	0.000000	0.000000	0.000000	0.000000	0.000000	IGHV3-33: 861 in S24; IGHV3-23: 15 in S24	IGHD3-16: 861 in S24; IGHD2-21: 15 in S24	IGHJ6: 876 in S24
CAKDVAWFGDLSKGSPKYNWFDPW	0	0	828	0	0	0	0	0	0.000000	0.000000	0.005690	0.000000	0.000000	0.000000	0.000000	0.000000	IGHV3-33: 828 in S24	IGHD3-10: 828 in S24	IGHJ5: 828 in S24
CARDQDW	0	0	740	0	0	0	0	0	0.000000	0.000000	0.005085	0.000000	0.000000	0.000000	0.000000	0.000000	IGHV3-7: 740 in S24	.: 740 in S24	IGHJ6: 740 in S24
CARDRCTSTSCPLDSW	0	0	732	0	0	0	0	0	0.000000	0.000000	0.005030	0.000000	0.000000	0.000000	0.000000	0.000000	IGHV1-2: 732 in S24	IGHD2-2: 732 in S24	IGHJ4: 732 in S24
CAKDPNGDYFGAFDFW	0	0	728	0	0	0	0	0	0.000000	0.000000	0.005003	0.000000	0.000000	0.000000	0.000000	0.000000	IGHV3-23: 728 in S24	IGHD4-17: 728 in S24	IGHJ3: 728 in S24
CARDRTVVIPTSAGDDFDYW	0	0	691	0	0	0	0	0	0.000000	0.000000	0.004748	0.000000	0.000000	0.000000	0.000000	0.000000	IGHV3-74: 691 in S24	IGHD4-23: 691 in S24	IGHJ4: 691 in S24
CTRPPYFDFWRGYPPNYFDYW	0	0	863	0	0	0	0	0	0.000000	0.000000	0.005930	0.000000	0.000000	0.000000	0.000000	0.000000	IGHV3-74: 863 in S24	IGHD3-3: 863 in S24	IGHJ4: 863 in S24
CARDRSDYDFWSGSHQKYFDYW, CARDRSDYDFWSGSHQKYFDCW	0	0	708	0	0	0	0	0	0.000000	0.000000	0.004865	0.000000	0.000000	0.000000	0.000000	0.000000	IGHV1-2: 708 in S24	IGHD3-3: 708 in S24	IGHJ4: 708 in S24
CARAIDERAYFYYGLDVW	0	0	656	0	0	0	0	0	0.000000	0.000000	0.004508	0.000000	0.000000	0.000000	0.000000	0.000000	IGHV3-23: 656 in S24	IGHD3-16: 656 in S24	IGHJ6: 656 in S24
CASIYFFGSGSHPSRDFW	0	0	650	0	0	0	0	0	0.000000	0.000000	0.004467	0.000000	0.000000	0.000000	0.000000	0.000000	IGHV3-30: 650 in S24	IGHD3-10: 650 in S24	IGHJ4: 650 in S24
CTVHNDLDYW	0	0	635	0	0	0	0	0	0.000000	0.000000	0.004363	0.000000	0.000000	0.000000	0.000000	0.000000	IGHV3-15: 635 in S24	IGHD2-21: 635 in S24	IGHJ4: 635 in S24
CAKGGTVTTRPVFDFW	0	0	607	0	0	0	0	0	0.000000	0.000000	0.004171	0.000000	0.000000	0.000000	0.000000	0.000000	IGHV3-23: 607 in S24	IGHD4-17: 607 in S24	IGHJ6: 607 in S24
CAGLTQSSHNDANV	0	0	584	46	0	0	0	0	0.000000	0.000000	0.004013	0.000354	0.000000	0.000000	0.000000	0.000000	IGHV4-28: 584 in S24, 46 in S25	IGHD4-17: 584 in S24, 46 in S25	IGHJ4: 584 in S24, 46 in S25
CARHEDYYDNNRYYAYGMDVW	0	0	582	0	0	0	0	0	0.000000	0.000000	0.003999	0.000000	0.000000	0.000000	0.000000	0.000000	IGHV5-51: 582 in S24	IGHD3-22: 582 in S24	IGHJ6: 582 in S24
CAREEVASCSSVSCPEGYW	0	0	556	0	0	0	0	0	0.000000	0.000000	0.003821	0.000000	0.000000	0.000000	0.000000	0.000000	IGHV3-23: 556 in S24	IGHD2-2: 556 in S24	IGHJ4: 556 in S24
CARGSDYISDPFELW	0	0	551	0	0	0	0	0	0.000000	0.000000	0.003786	0.000000	0.000000	0.000000	0.000000	0.000000	IGHV3-7: 551 in S24	IGHD4-11: 551 in S24	IGHJ6: 551 in S24
CARQDASGNYINYYGLDVW	0	0	549	0	0	0	0	0	0.000000	0.000000	0.003772	0.000000	0.000000	0.000000	0.000000	0.000000	IGHV4-39: 549 in S24	IGHD3-10: 549 in S24	IGHJ6: 549 in S24
CASAGQNGYLHSW	0	0	542	0	0	0	0	0	0.000000	0.000000	0.003724	0.000000	0.000000	0.000000	0.000000	0.000000	IGHV4-4: 542 in S24	IGHD2-2: 542 in S24	IGHJ1: 542 in S24
CARDNSEYDFWSGSHMFAMDVW	0	0	538	0	0	0	0	0	0.000000	0.000000	0.003697	0.000000	0.000000	0.000000	0.000000	0.000000	IGHV1-2: 538 in S24	IGHD3-3: 538 in S24	IGHJ6: 538 in S24
CARDRQVGATGPQFWFDPW	0	0	485	17	0	0	0	0	0.000000	0.000000	0.003333	0.000131	0.000000	0.000000	0.000000	0.000000	IGHV3-7: 485 in S24, 17 in S25	IGHD1-26: 485 in S24, 17 in S25	IGHJ5: 485 in S24, 17 in S25
CARDLLYYGYGMDVW	0	0	0	917	0	0	0	0	0.000000	0.000000	0.000000	0.007051	0.000000	0.000000	0.000000	0.000000	IGHV3-11: 917 in S25	IGHD1-26: 917 in S25	IGHJ6: 917 in S25
CARALYYYYGMDVW	0	0	0	743	0	0	0	0	0.000000	0.000000	0.000000	0.005713	0.000000	0.000000	0.000000	0.000000	IGHV3-33: 743 in S25	.: 743 in S25	IGHJ6: 743 in S25
CAREHTMTGAFDIW	0	0	0	712	0	0	0	0	0.000000	0.000000	0.000000	0.005475	0.000000	0.000000	0.000000	0.000000	IGHV3-21: 712 in S25	IGHD3-22: 712 in S25	IGHJ3: 712 in S25
CAKDREGGATLYYYYGMDVW	0	0	0	684	0	0	0	0	0.000000	0.000000	0.000000	0.005259	0.000000	0.000000	0.000000	0.000000	IGHV3-33: 684 in S25	IGHD1-26: 684 in S25	IGHJ6: 684 in S25
CARGGIIGDFPFW	0	0	0	592	0	0	0	0	0.000000	0.000000	0.000000	0.004552	0.000000	0.000000	0.000000	0.000000	IGHV1-8: 592 in S25	IGHD3-16: 592 in S25	IGHJ6: 592 in S25
CAREELLIVGMDVW	0	0	0	578	0	0	0	0	0.000000	0.000000	0.000000	0.004444	0.000000	0.000000	0.000000	0.000000	IGHV3-33: 578 in S25	IGHD1-26: 578 in S25	IGHJ6: 578 in S25
CARRSTRWLQYGYYYGMDVW	0	0	0	573	0	0	0	0	0.000000	0.000000	0.000000	0.004406	0.000000	0.000000	0.000000	0.000000	IGHV1-8: 573 in S25	IGHD5-24: 573 in S25	IGHJ6: 573 in S25
CARDRSRLAVVAATVYYYYGMDVW	0	0	0	571	0	0	0	0	0.000000	0.000000	0.000000	0.004391	0.000000	0.000000	0.000000	0.000000	IGHV1-69: 571 in S25	IGHD2-15: 571 in S25	IGHJ6: 571 in S25
CARDVSTVALSYWYFDLW	0	0	0	565	0	0	0	0	0.000000	0.000000	0.000000	0.004344	0.000000	0.000000	0.000000	0.000000	IGHV3-21: 565 in S25	IGHD6-19: 565 in S25	IGHJ2: 565 in S25
CAREGIFAAAGTFDYYYYGMDVW	0	0	0	543	0	0	0	0	0.000000	0.000000	0.000000	0.004175	0.000000	0.000000	0.000000	0.000000	IGHV3-11: 543 in S25	IGHD6-13: 543 in S25	IGHJ6: 543 in S25
CAKDSAPVNCGGDCPYGMDVW	0	0	0	542	0	0	0	0	0.000000	0.000000	0.000000	0.004168	0.000000	0.000000	0.000000	0.000000	IGHV3-33: 542 in S25	IGHD2-21: 542 in S25	IGHJ6: 542 in S25
CAKDKGPYDSSGYYYSGIFYGMDVW	0	0	0	535	0	0	0	0	0.000000	0.000000	0.000000	0.004114	0.000000	0.000000	0.000000	0.000000	IGHV3-9: 535 in S25	IGHD3-22: 535 in S25	IGHJ6: 535 in S25
CAKDSAYYYGSGSYLDRYGMDVW	0	0	0	524	0	0	0	0	0.000000	0.000000	0.000000	0.004029	0.000000	0.000000	0.000000	0.000000	IGHV3-33: 524 in S25	IGHD3-10: 524 in S25	IGHJ6: 524 in S25
CARGLNVDIVATTYYGMDVW	0	0	0	521	0	0	0	0	0.000000	0.000000	0.000000	0.004006	0.000000	0.000000	0.000000	0.000000	IGHV3-11: 521 in S25	IGHD5-12: 521 in S25	IGHJ6: 521 in S25
CARGGTYSSSWNYLQHW	0	0	0	517	0	0	0	0	0.000000	0.000000	0.000000	0.003975	0.000000	0.000000	0.000000	0.000000	IGHV3-30: 517 in S25	IGHD1-26: 517 in S25	IGHJ1: 517 in S25
CARHVRQQLVPTHYWYFDLW	0	0	0	514	0	0	0	0	0.000000	0.000000	0.000000	0.003952	0.000000	0.000000	0.000000	0.000000	IGHV5-51: 514 in S25	IGHD6-13: 514 in S25	IGHJ2: 514 in S25
CARARQLAYYYYGMDVW	0	0	0	505	0	0	0	0	0.000000	0.000000	0.000000	0.003883	0.000000	0.000000	0.000000	0.000000	IGHV3-74: 505 in S25	IGHD6-6: 505 in S25	IGHJ6: 505 in S25
CARGTYYDFWSGYLIHDYDYGMDVW, CARGTYYDFWSGYLIHDYYYGMDIW, CARGTYYDFWSGYLIHDYYYGMDVW	0	0	0	0	70789	137	125	0	0.000000	0.000000	0.000000	0.000000	0.828639	0.001081	0.001035	0.000000	IGHV1-2: 70789 in S26, 137 in S27, 125 in S28	IGHD3-3: 70789 in S26, 137 in S27, 125 in S28	IGHJ6: 70789 in S26, 137 in S27, 125 in S28
CSRGQREPYGIEFDYW	0	0	0	0	0	0	1563	0	0.000000	0.000000	0.000000	0.000000	0.000000	0.000000	0.012947	0.000000	IGHV3-49: 1563 in S28	IGHD3-10: 1563 in S28	IGHJ4: 1563 in S28
CARSPRAYNYFGMDVW	0	0	0	0	0	0	1535	0	0.000000	0.000000	0.000000	0.000000	0.000000	0.000000	0.012715	0.000000	IGHV5-51: 1535 in S28	IGHD5-24: 1535 in S28	IGHJ6: 1535 in S28
CAREEWTKKDSWSGHASHW	0	0	0	0	0	0	1301	0	0.000000	0.000000	0.000000	0.000000	0.000000	0.000000	0.010777	0.000000	IGHV3-7: 1301 in S28	IGHD3-3: 1301 in S28	IGHJ1: 1301 in S28
CARLRFDRICAEGVCYYYFDGW	0	0	0	0	0	0	1294	0	0.000000	0.000000	0.000000	0.000000	0.000000	0.000000	0.010719	0.000000	IGHV3-7: 1294 in S28	IGHD2-8: 1294 in S28	IGHJ4: 1294 in S28
CTSPRPEKVGAYEFW	0	0	0	0	0	0	1030	0	0.000000	0.000000	0.000000	0.000000	0.000000	0.000000	0.008532	0.000000	IGHV3-49: 1030 in S28	IGHD1-26: 1030 in S28	IGHJ4: 1030 in S28
CARDCGINCPGGPYYFDYW	0	0	0	0	0	0	1013	0	0.000000	0.000000	0.000000	0.000000	0.000000	0.000000	0.008391	0.000000	IGHV1-3: 1013 in S28	IGHD5-24: 1013 in S28	IGHJ4: 1013 in S28
CARGGGVATTAVDSW	0	0	0	0	0	0	990	0	0.000000	0.000000	0.000000	0.000000	0.000000	0.000000	0.008201	0.000000	IGHV4-61: 990 in S28	IGHD3-10: 990 in S28	IGHJ4: 990 in S28
CARNKSEDVVVLGAATRYNVFDPW	0	0	0	0	0	0	957	0	0.000000	0.000000	0.000000	0.000000	0.000000	0.000000	0.007927	0.000000	IGHV4-39: 957 in S28	IGHD2-15: 957 in S28	IGHJ5: 957 in S28
CARADGAKVGASYYYGIDVW	0	0	0	0	0	0	756	0	0.000000	0.000000	0.000000	0.000000	0.000000	0.000000	0.006262	0.000000	IGHV3-7: 756 in S28	IGHD1-26: 756 in S28	IGHJ6: 756 in S28
